LibRef,Footprint,Designator,Quantity,Comment,Supplier 1,Supplier 2,Supplier Part Number 1,Supplier Part Number 2

"CAP 0.1uF 25V","0805","C1, C4","2","0.1uF 25V","","","",""
"CAP 0.010uF 16V","0603","C2, C3","2","CAP 0.010uF 16V","","","",""
"CAP 330pF 16V","0805","C6_14_1, C6_14_2, C6_14_3, C6_14_4, C6_14_5, C6_14_6, C6_14_7, C6_14_8, C6_14_9, C6_14_10, C6_14_11, C6_14_12, C6_14_13, C6_14_14, C6_14_15","15","330pF 16V","","","",""
"1-87220-0","1-87224-0_TYC","J1","1","1-87220-0","","","",""
"CN 15POS JST ZE SMT","JST ZE SMT 15POS","J2","1","BM15B-ZESS-TBT(LF)(SN)","Digi-Key","","455-4211-1-ND",""
"CN 5POS JST ZE SMT","JST ZE SMT 5POS","J3","1","BM05B-ZESS-TBT(LF)(SN)","Digi-Key","","455-2383-1-ND",""
"CN HDR 40POS","CN HDR 40POS 0.1 TH","J5","1","CN HDR 40POS","Digi-Key","","S6104-ND",""
"RES 10k 1/8W - 1%","0603","R1, R2, R3, R6","4","RES 10k 1/8W - 1%","Digi-Key","Digi-Key","10-ERJ-H3GJ103VCT-ND","RMCF0805JT10K0CT-ND"
"RES 100.0 1/8W","0805","R4_14_1, R4_14_2, R4_14_3, R4_14_4, R4_14_5, R4_14_6, R4_14_7, R4_14_8, R4_14_9, R4_14_10, R4_14_11, R4_14_12, R4_14_13, R4_14_14, R4_14_15","15","100","","","",""
"RES 2k 1/8W","0603","R5","1","RES 2k 1/8W","","","",""
"PEC12R4220FS0024","PEC12R4220FS0024","SW1","1","PEC12R-4220F-S0024","Digi-key","","PEC12R-4220F-S0024-ND",""
