Altium Designer Pick and Place Locations
C:\Users\klomp\Documents\Extracurricular\thunderbots\PCB_UI\ui-v1.1\pcb\Project Outputs for project-ui-v1.1\Pick Place\Pick Place for ui_layout-v1.1(No FL).csv

========================================================================================================================
File Design Information:

Date:       10-05-22
Time:       16:40
Revision:   fb90d9919b2eb564e432c45a2a7916e132ca89ee
Variant:    No FL
Units used: mil

"Designator","Comment","Layer","Footprint","Center-X(mil)","Center-Y(mil)","Rotation","Description"
"R4_14M","100","BottomLayer","0805","885.000","1140.000","270","RES SMD 0 OHM JUMPER GENERIC 0805"
"C6_14M","330pF","BottomLayer","0805","758.000","1177.500","0","CAP CER 330PF 16V X5R 0603/0805"
"R4_14B","100","BottomLayer","0805","884.000","940.000","270","RES SMD 0 OHM JUMPER GENERIC 0805"
"R4_14O","100","BottomLayer","0805","759.000","809.000","180","RES SMD 0 OHM JUMPER GENERIC 0805"
"R4_14N","100","BottomLayer","0805","884.000","606.000","270","RES SMD 0 OHM JUMPER GENERIC 0805"
"R4_14E","100","BottomLayer","0805","884.000","440.000","270","RES SMD 0 OHM JUMPER GENERIC 0805"
"C6_14B","330pF","BottomLayer","0805","758.000","974.000","0","CAP CER 330PF 16V X5R 0603/0805"
"C6_14O","330pF","BottomLayer","0805","884.000","769.000","90","CAP CER 330PF 16V X5R 0603/0805"
"C6_14N","330pF","BottomLayer","0805","761.000","641.000","0","CAP CER 330PF 16V X5R 0603/0805"
"C6_14E","330pF","BottomLayer","0805","770.000","490.000","0","CAP CER 330PF 16V X5R 0603/0805"
"R4_14L","100","BottomLayer","0805","1468.000","470.000","270","RES SMD 0 OHM JUMPER GENERIC 0805"
"C6_14L","330pF","BottomLayer","0805","1590.000","460.000","180","CAP CER 330PF 16V X5R 0603/0805"
"R4_14K","100","BottomLayer","0805","1900.000","481.000","0","RES SMD 0 OHM JUMPER GENERIC 0805"
"R4_14J","100","BottomLayer","0805","1546.000","605.000","270","RES SMD 0 OHM JUMPER GENERIC 0805"
"R4_14I","100","BottomLayer","0805","1546.000","771.000","270","RES SMD 0 OHM JUMPER GENERIC 0805"
"R4_14H","100","BottomLayer","0805","1546.000","940.000","270","RES SMD 0 OHM JUMPER GENERIC 0805"
"R4_14G","100","BottomLayer","0805","1700.000","950.000","270","RES SMD 0 OHM JUMPER GENERIC 0805"
"C6_14K","330pF","BottomLayer","0805","1742.496","481.000","0","CAP CER 330PF 16V X5R 0603/0805"
"C6_14J","330pF","BottomLayer","0805","1430.000","645.000","0","CAP CER 330PF 16V X5R 0603/0805"
"C6_14I","330pF","BottomLayer","0805","1433.000","814.000","0","CAP CER 330PF 16V X5R 0603/0805"
"C6_14H","330pF","BottomLayer","0805","1433.000","984.000","0","CAP CER 330PF 16V X5R 0603/0805"
"C6_14G","330pF","BottomLayer","0805","1830.000","980.000","180","CAP CER 330PF 16V X5R 0603/0805"
"R4_14A","100","BottomLayer","0805","2019.181","773.000","270","RES SMD 0 OHM JUMPER GENERIC 0805"
"C6_14A","330pF","BottomLayer","0805","2110.000","775.000","90","CAP CER 330PF 16V X5R 0603/0805"
"R4_14F","100","BottomLayer","0805","2010.000","1100.000","270","RES SMD 0 OHM JUMPER GENERIC 0805"
"R4_14D","100","BottomLayer","0805","2020.000","605.000","270","RES SMD 0 OHM JUMPER GENERIC 0805"
"R4_14C","100","BottomLayer","0805","2019.181","940.000","270","RES SMD 0 OHM JUMPER GENERIC 0805"
"C6_14F","330pF","BottomLayer","0805","2129.000","1138.000","180","CAP CER 330PF 16V X5R 0603/0805"
"C6_14D","330pF","BottomLayer","0805","2145.000","640.000","180","CAP CER 330PF 16V X5R 0603/0805"
"C6_14C","330pF","BottomLayer","0805","2145.000","975.000","180","CAP CER 330PF 16V X5R 0603/0805"
"TP12","Test Point (Via)","TopLayer","TP","2650.000","350.000","90",""
"TP11","Test Point (Via)","TopLayer","TP","2540.000","405.000","90",""
"TP10","Test Point (Via)","TopLayer","TP","2650.000","472.000","90",""
"TP9","Test Point (Via)","TopLayer","TP","2540.000","527.500","90",""
"TP8","Test Point (Via)","TopLayer","TP","2650.000","595.000","90",""
"TP7","Test Point (Via)","TopLayer","TP","2540.000","650.000","90",""
"TP6","Test Point (Via)","TopLayer","TP","2650.000","715.000","90",""
"TP5","Test Point (Via)","TopLayer","TP","2540.000","772.500","90",""
"TP4","Test Point (Via)","TopLayer","TP","2650.000","840.000","90",""
"TP3","Test Point (Via)","TopLayer","TP","2540.000","895.000","90",""
"TP2","Test Point (Via)","TopLayer","TP","2650.000","960.000","90",""
"TP1","Test Point (Via)","TopLayer","TP","2605.000","1020.000","0",""
"J5","CN HDR 40POS","BottomLayer","CN_HDR_40POS_0.1_TH","1272.834","223.228","0","40 Position Header Connector"
"C1","0.10uF 25V","TopLayer","0805","2090.000","442.000","90","CAP CER 0.10UF 25V X7R 0805"
"C4","0.10uF 25V","TopLayer","0805","2178.000","442.000","90","CAP CER 0.10UF 25V X7R 0805"
"C2","0.010uF","BottomLayer","0603","2740.000","1381.000","180","CAP CER 0.010UF 16V X5R 0603/0805"
"C3","0.010uF","BottomLayer","0603","2740.000","1511.000","180","CAP CER 0.010UF 16V X5R 0603/0805"
"J1","CN LCD TFT 128X160 1.8in","TopLayer","CN_LCD_TFT_128X160_1.8in","2290.000","1300.000","0","Graphic LCD Display Module Transmissive Red, Green, Blue (RGB) TFT - Color SPI 1.8" (45.72mm) 128 x 160"
"J2","BM15B-ZESS-TBT(LF)(SN)","TopLayer","JST_ZE_SMT_15POS","2906.142","604.528","90","CONN HEADER VERT SMD 15POS ZE"
"J3","BM05B-ZESS-TBT(LF)(SN)","BottomLayer","JST_ZE_SMT_5POS","290.000","761.858","180","CONN HEADER VERT SMD 5POS ZE"
"R1","10k","TopLayer","0805","2515.000","1150.000","180","RES SMD 10K OHM 1% 1/8W 0805"
"R2","10k","BottomLayer","0805","2740.000","1325.000","180","RES SMD 10K OHM 1% 1/8W 0805"
"R3","10k","BottomLayer","0805","2740.000","1449.000","0","RES SMD 10K OHM 1% 1/8W 0805"
"R5","2k","TopLayer","0603","2485.000","1235.000","90","RES SMD 2K OHM 5% 1/8W 0805"
"R6","10k","TopLayer","0805","2515.000","1080.000","180","RES SMD 10K OHM 1% 1/8W 0805"
"SW1","PEC12R-4220F-S0024","TopLayer","PEC12R4220FS0024","2723.425","1514.567","0","Rotary Encoder"
