Comment,Description,Designator,Footprint,LibRef,Quantity

"0.10uF 25V","CAP CER 0.10UF 25V X7R 0805","C1, C4","0805","CAP 0.10uF 25V","2"
"0.010uF","CAP CER 0.010UF 16V X5R 0603/0805","C2, C3","0603","CAP 0.010uF 16V","2"
"CN LCD TFT 128X160 1.8in","Graphic LCD Display Module Transmissive Red, Green, Blue (RGB) TFT - Color SPI 1.8"" (45.72mm) 128 x 160","J1","CN LCD TFT 128X160 1.8in","CN LCD TFT 128X160 1.8in","1"
"BM15B-ZESS-TBT(LF)(SN)","CONN HEADER VERT SMD 15POS ZE","J2","JST ZE SMT 15POS","CN 15POS JST ZE SMT","1"
"BM05B-ZESS-TBT(LF)(SN)","CONN HEADER VERT SMD 5POS ZE","J3","JST ZE SMT 5POS","CN 5POS JST ZE SMT","1"
"CN HDR 40POS","40 Position Header Connector","J5","CN HDR 40POS 0.1 TH","CN HDR 40POS","1"
"10k","RES SMD 10K OHM 1% 1/8W 0805","R1, R2, R3, R6","0805","RES 10k 1/8W 1%","4"
"JUMPER","RES SMD 0 OHM JUMPER GENERIC 0805","R4_14A, R4_14B, R4_14C, R4_14D, R4_14E, R4_14F, R4_14G, R4_14H, R4_14I, R4_14J, R4_14K, R4_14L, R4_14M, R4_14N, R4_14O","0603","RES 0 JUMPER","15"
"2k","RES SMD 2K OHM 5% 1/8W 0805","R5","0603","RES 2k 1/8W","1"
"PEC12R-4220F-S0024","Rotary Encoder","SW1","PEC12R4220FS0024","PEC12R4220FS0024","1"
