Comment,Description,Designator,Footprint,LibRef,Quantity

"0.10uF 25V","CAP CER 0.10UF 25V X7R 0805","C1, C4","0805","CAP 0.10uF 25V","2"
"0.10uF","CAP CER 0.10UF 16V X5R 0603","C2, C3, C5, C6, C7, C8, C9, C10, C11, C12, C13, C14, C15","0603","CAP 0.10uF 16V","13"
"CN LCD TFT 128X160 1.8in","Graphic LCD Display Module Transmissive Red, Green, Blue (RGB) TFT - Color SPI 1.8"" (45.72mm) 128 x 160","J1","CN LCD TFT 128X160 1.8in","CN LCD TFT 128X160 1.8in","1"
"BM15B-ZESS-TBT(LF)(SN)","CONN HEADER VERT SMD 15POS ZE","J2","JST ZE SMT 15POS","CN 15POS JST ZE SMT","1"
"SM07B-NSHSS-TB (LF)(SN)","Connector Header Surface Mount, Right Angle 7 position 0.039"" (1.00mm)","J3","JST_SM07B-NSHSS-TB_(LF)(SN)","CN 7POS JST NSH SMT RA","1"
"CN HDR 40POS","40 Position Header Connector","J5","CN HDR 40POS 0.1 TH","CN HDR 40POS","1"
"CN HDR 2POS JST XH","Connector Header Through Hole 2 position 0.098 _2.50mm_
JST XH","J6","JST_B2B-XH-A(LF)(SN)","CN HDR 2POS JST XH","1"
"NPN MMSS8050","Bipolar (BJT) Transistor NPN 25 V 1.5 A 100MHz 625 mW Surface Mount SOT-23","Q1, Q2","SOT95P237X112-3N","N_BJT MMSS8050","2"
"10k","RES SMD 10K OHM 5% 1/8W 0805","R1, R2, R3","0603","RES 10k 1/8W - 5%","3"
"JUMPER","RES SMD 0 OHM JUMPER GENERIC 0603","R4, R8, R10, R12, R14, R24, R25, R26, R27, R28, R29, R30, R31, R32, R33, R34, R35, R36, R37, R38","0603","RES 0 JUMPER","20"
"330","Default Resistor Symbol","R20, R21","0603","RES 330.0 1/8W - 5%","2"
"39k","Default Resistor Symbol","R22, R23","0603","RES 39k 1/8W","2"
"TL3305AF260QG","Tactile Switch SPST-NO Top Actuated Surface Mount","S1, S2, S3","SW_TL3305AF260QG","SW PUSH SMD","3"
"SW SLIDE SMALL","Slide Switch SPDT Surface Mount, Right Angle","S4","SW SLIDE SMALL","SW SLIDE SMALL","1"
"TXU0304PWR","4-Bit Fixed Direction Voltage-Level Translator with Schmitt-Trigger Inputs  and 3-State Outputs","U1, U2, U3, U4, U5","14-TSSOP","TXU0304","5"
"APC-817D1","DIP4, DC Input, Optocoupler","U6, U7","APC-817D1","APC-817D1","2"
