Altium Designer Pick and Place Locations
D:\user\thunderbots\PCB_UI\ui-v1.0\pcb\Project Outputs for project-ui-v1.0\Pick Place\Pick Place for ui_layout-v1.0.csv

========================================================================================================================
File Design Information:

Date:       27-03-22
Time:       17:47
Revision:   Not in VersionControl
Variant:    No variations
Units used: mm

"Designator","Comment","Layer","Footprint","Center-X(mm)","Center-Y(mm)","Rotation","Description"
"R_MUX0","100","BottomLayer","0805","22.4790","28.9560","270","Default Resistor Symbol"
"C_MUX0","330pF 16V","BottomLayer","0805","19.2532","29.9085","360","Default Symbol for Capacitors"
"J5","CN HDR 40POS","BottomLayer","CN_HDR_40POS_0.1_TH","32.3300","5.6700","360","40 Position Header Connector"
"C1","0.1uF 25V","TopLayer","0805","53.0860","11.2268","90","Default Symbol for Capacitors"
"C4","0.1uF 25V","TopLayer","0805","55.3212","11.2268","90","Default Symbol for Capacitors"
"C2","CAP 0.010uF 16V","BottomLayer","0603","69.5960","35.0774","180","Default Symbol for Capacitors"
"C3","CAP 0.010uF 16V","BottomLayer","0603","69.5960","38.3794","180","Default Symbol for Capacitors"
"J1","1-87220-0","TopLayer","1-87224-0_TYC","58.1660","33.0200","90","No Description Available"
"J2","BM15B-ZESS-TBT(LF)(SN)","TopLayer","JST_ZE_SMT_15POS","73.8160","15.3550","90","CONN HEADER VERT SMD 15POS ZE"
"J3","BM05B-ZESS-TBT(LF)(SN)","BottomLayer","JST_ZE_SMT_5POS","7.3660","19.3512","180","CONN HEADER VERT SMD 5POS ZE"
"R1","RES 10k 1/8W - 1%","TopLayer","0603","63.8810","29.2100","180","Default Resistor Symbol"
"R2","RES 10k 1/8W - 1%","BottomLayer","0603","69.5960","33.6550","180","Default Resistor Symbol"
"R3","RES 10k 1/8W - 1%","BottomLayer","0603","69.5960","36.8046","360","Default Resistor Symbol"
"R5","RES 2k 1/8W","TopLayer","0603","63.1190","31.3690","90","Default Resistor Symbol"
"R6","RES 10k 1/8W - 1%","TopLayer","0603","63.8810","27.8130","180","Default Resistor Symbol"
"SW1","PEC12R-4220F-S0024","TopLayer","PEC12R4220FS0024","69.1750","38.4700","0","Rotary Encoder"
"R_RESET","100","BottomLayer","0805","37.2872","11.9380","270","Default Resistor Symbol"
"C_RESET","330pF 16V","BottomLayer","0805","40.3860","11.6840","180","Default Symbol for Capacitors"
"R_CTRL","100","BottomLayer","0805","51.2872","19.6342","270","Default Resistor Symbol"
"C_CTRL","330pF 16V","BottomLayer","0805","53.5940","19.6850","90","Default Symbol for Capacitors"
"R_HB","100","BottomLayer","0805","22.4536","23.8760","270","Default Resistor Symbol"
"R_RX","100","BottomLayer","0805","19.2786","20.5486","180","Default Resistor Symbol"
"R_TX","100","BottomLayer","0805","22.4536","15.3924","270","Default Resistor Symbol"
"R_MUX1","100","BottomLayer","0805","48.2600","12.2174","360","Default Resistor Symbol"
"R_CS4","100","BottomLayer","0805","39.2684","15.3670","270","Default Resistor Symbol"
"R_CS3","100","BottomLayer","0805","39.2684","19.5834","270","Default Resistor Symbol"
"R_CS2","100","BottomLayer","0805","39.2684","23.8760","270","Default Resistor Symbol"
"R_CS1","100","BottomLayer","0805","43.2562","24.9428","180","Default Resistor Symbol"
"R_CS0","100","BottomLayer","0805","51.0540","27.9400","270","Default Resistor Symbol"
"R_MISO","100","BottomLayer","0805","22.4536","11.1760","270","Default Resistor Symbol"
"R_MOSI","100","BottomLayer","0805","51.3080","15.3670","270","Default Resistor Symbol"
"R_SCK","100","BottomLayer","0805","51.2872","23.8760","270","Default Resistor Symbol"
"C_HB","330pF 16V","BottomLayer","0805","19.2532","24.7396","360","Default Symbol for Capacitors"
"C_RX","330pF 16V","BottomLayer","0805","22.4536","19.5326","270","Default Symbol for Capacitors"
"C_TX","330pF 16V","BottomLayer","0805","19.3294","16.2814","360","Default Symbol for Capacitors"
"C_MUX1","330pF 16V","BottomLayer","0805","44.2594","12.2174","360","Default Symbol for Capacitors"
"C_CS4","330pF 16V","BottomLayer","0805","36.3220","16.3830","360","Default Symbol for Capacitors"
"C_CS3","330pF 16V","BottomLayer","0805","36.3982","20.6756","360","Default Symbol for Capacitors"
"C_CS2","330pF 16V","BottomLayer","0805","36.3982","24.9936","360","Default Symbol for Capacitors"
"C_CS1","330pF 16V","BottomLayer","0805","46.5328","24.8920","180","Default Symbol for Capacitors"
"C_CS0","330pF 16V","BottomLayer","0805","54.0766","28.9052","180","Default Symbol for Capacitors"
"C_MISO","330pF 16V","BottomLayer","0805","19.5580","12.4460","360","Default Symbol for Capacitors"
"C_MOSI","330pF 16V","BottomLayer","0805","54.4830","16.2560","180","Default Symbol for Capacitors"
"C_SCK","330pF 16V","BottomLayer","0805","54.4830","24.7650","180","Default Symbol for Capacitors"
