Altium Designer Pick and Place Locations
C:\Users\sturn\Desktop\Thunderbots\Electrical\PCB_UI\ui-v1.3\pcb\Project Outputs for ui-v1.3\Pick Place\Pick Place for ui_layout-v1.3(No FL_PD_R).csv

========================================================================================================================
File Design Information:

Date:       17-05-23
Time:       21:02
Revision:   86b2b6a0c1f8409da6cc046dca2682c0a3ee8116
Variant:    No FL_PD_R
Units used: mil

"Designator","Comment","Layer","Footprint","Center-X(mil)","Center-Y(mil)","Rotation","Description"
"Q2","TN2130K1-G","BottomLayer","SOT95P237X112-3N","155.000","-115.000","90","N-Channel 300 V 85mA (Tj) 360mW (Tc) Surface Mount TO-236AB (SOT23)"
"Q1","TN2130K1-G","BottomLayer","SOT95P237X112-3N","154.843","-406.221","90","N-Channel 300 V 85mA (Tj) 360mW (Tc) Surface Mount TO-236AB (SOT23)"
"TP1","Test Point (Via)","TopLayer","TP","1325.000","-942.333","270",""
"J1","PPPC042LFBN-RC-NRF24L01","TopLayer","PPPC042LFBN-RC-NRF24L01","-60.000","-440.000","270","8 Position Header Connector 0.100 (2.54mm) Through Hole Gold"
"TP19","Test Point - 5019","BottomLayer","TP380X203","361.001","-880.000","90","PC Test Point, Miniature Phosphor Bronze, Silver Plating Surface Mount Mounting Type"
"R6","330","BottomLayer","0603","799.649","-227.795","270","Default Resistor Symbol"
"R5","330","BottomLayer","0603","800.000","-523.504","270","Default Resistor Symbol"
"R23","0","BottomLayer","0603","158.307","-239.291","0","Default Resistor Symbol"
"R1","10k","TopLayer","0603","1480.000","-155.000","0","RES SMD 10K OHM 5% 1/8W 0805"
"TP18","Testpoint","BottomLayer","TP_1mm","1205.605","-204.472","90","Testpoint"
"TP17","Testpoint","BottomLayer","TP_1mm","1258.467","-243.843","90","Testpoint"
"TP16","Testpoint","BottomLayer","TP_1mm","1258.467","-322.583","90","Testpoint"
"TP15","Testpoint","BottomLayer","TP_1mm","1311.328","-364.000","90","Testpoint"
"TP14","Testpoint","BottomLayer","TP_1mm","1258.467","-404.000","90","Testpoint"
"R38","JUMPER","BottomLayer","0603","848.750","-834.000","270","RES SMD 0 OHM JUMPER GENERIC 0603"
"R37","JUMPER","BottomLayer","0603","573.091","-1049.000","270","RES SMD 0 OHM JUMPER GENERIC 0603"
"R36","JUMPER","BottomLayer","0603","848.750","-941.500","270","RES SMD 0 OHM JUMPER GENERIC 0603"
"R35","JUMPER","BottomLayer","0603","-428.819","-729.000","270","RES SMD 0 OHM JUMPER GENERIC 0603"
"R34","JUMPER","BottomLayer","0603","848.750","-1049.000","270","RES SMD 0 OHM JUMPER GENERIC 0603"
"R33","JUMPER","BottomLayer","0603","-428.819","-835.667","270","RES SMD 0 OHM JUMPER GENERIC 0603"
"R32","JUMPER","BottomLayer","0603","-428.819","-1049.000","270","RES SMD 0 OHM JUMPER GENERIC 0603"
"R31","JUMPER","BottomLayer","0603","-428.819","-942.333","270","RES SMD 0 OHM JUMPER GENERIC 0603"
"R30","JUMPER","BottomLayer","0603","71.841","-835.667","270","RES SMD 0 OHM JUMPER GENERIC 0603"
"R29","JUMPER","BottomLayer","0603","71.841","-942.333","270","RES SMD 0 OHM JUMPER GENERIC 0603"
"R28","JUMPER","BottomLayer","0603","71.841","-1049.000","270","RES SMD 0 OHM JUMPER GENERIC 0603"
"R27","JUMPER","BottomLayer","0603","100.000","-750.000","180","RES SMD 0 OHM JUMPER GENERIC 0603"
"R26","JUMPER","BottomLayer","0603","600.000","-750.000","180","RES SMD 0 OHM JUMPER GENERIC 0603"
"R25","JUMPER","BottomLayer","0603","573.091","-942.333","270","RES SMD 0 OHM JUMPER GENERIC 0603"
"R24","JUMPER","BottomLayer","0603","573.091","-835.667","270","RES SMD 0 OHM JUMPER GENERIC 0603"
"U7","APC-817D1","BottomLayer","APC-817D1","475.000","-129.291","0","DIP4, DC Input, Optocoupler"
"U6","APC-817D1","BottomLayer","APC-817D1","475.000","-425.000","0","DIP4, DC Input, Optocoupler"
"R22","0","BottomLayer","0603","158.307","-535.000","0","Default Resistor Symbol"
"R21","330","BottomLayer","0603","623.622","-259.291","0","Default Resistor Symbol"
"R20","330","BottomLayer","0603","623.622","-555.000","0","Default Resistor Symbol"
"S4","SW SLIDE SMALL","TopLayer","SW_SLIDE_SMALL","751.000","31.866","180","Slide Switch SPDT Surface Mount, Right Angle"
"J6","CN HDR 2POS JST XH","BottomLayer","JST_B2B-XH-A(LF)(SN)","-1141.732","-226.378","90","Connector Header Through Hole 2 position 0.098 _2.50mm_
JST XH"
"S2","TL3305AF260QG","TopLayer","SW_TL3305AF260QG","1263.740","-424.000","0","Tactile Switch SPST-NO Top Actuated Surface Mount"
"S1","TL3305AF260QG","TopLayer","SW_TL3305AF260QG","1474.370","-424.000","0","Tactile Switch SPST-NO Top Actuated Surface Mount"
"C15","0.10uF","BottomLayer","0603","1655.000","-1275.890","0","CAP CER 0.10UF 16V X5R 0603"
"C14","0.10uF","BottomLayer","0603","1153.750","-1275.890","0","CAP CER 0.10UF 16V X5R 0603"
"C13","0.10uF","BottomLayer","0603","-350.000","-1275.890","0","CAP CER 0.10UF 16V X5R 0603"
"C12","0.10uF","BottomLayer","0603","151.250","-1275.890","0","CAP CER 0.10UF 16V X5R 0603"
"C11","0.10uF","BottomLayer","0603","621.004","-1244.394","90","CAP CER 0.10UF 16V X5R 0603"
"TP13","Test Point - 5019","TopLayer","TP380X203","-63.041","-1524.559","180","PC Test Point, Miniature Phosphor Bronze, Silver Plating Surface Mount Mounting Type"
"C3","0.10uF","TopLayer","0603","1260.739","-204.472","0","CAP CER 0.10UF 16V X5R 0603"
"C2","0.10uF","TopLayer","0603","1478.779","-204.472","0","CAP CER 0.10UF 16V X5R 0603"
"R2","10k","TopLayer","0603","1260.000","-155.000","0","RES SMD 10K OHM 5% 1/8W 0805"
"U5","TXU0304PWR","BottomLayer","14-TSSOP","983.750","-1394.000","90","4-Bit Fixed Direction Voltage-Level Translator with Schmitt-Trigger Inputs  and 3-State Outputs"
"U4","TXU0304PWR","BottomLayer","14-TSSOP","-519.409","-1394.000","90","4-Bit Fixed Direction Voltage-Level Translator with Schmitt-Trigger Inputs  and 3-State Outputs"
"U3","TXU0304PWR","BottomLayer","14-TSSOP","-18.750","-1394.000","90","4-Bit Fixed Direction Voltage-Level Translator with Schmitt-Trigger Inputs  and 3-State Outputs"
"U2","TXU0304PWR","BottomLayer","14-TSSOP","1485.000","-1394.000","90","4-Bit Fixed Direction Voltage-Level Translator with Schmitt-Trigger Inputs  and 3-State Outputs"
"R15","JUMPER","BottomLayer","0603","768.750","-1307.386","270","RES SMD 0 OHM JUMPER GENERIC 0603"
"R14","JUMPER","BottomLayer","0603","848.750","-1307.386","90","RES SMD 0 OHM JUMPER GENERIC 0603"
"R13","JUMPER","BottomLayer","0603","-710.000","-1307.386","270","RES SMD 0 OHM JUMPER GENERIC 0603"
"R12","JUMPER","BottomLayer","0603","-655.000","-1307.386","90","RES SMD 0 OHM JUMPER GENERIC 0603"
"R11","JUMPER","BottomLayer","0603","-233.750","-1307.386","270","RES SMD 0 OHM JUMPER GENERIC 0603"
"R10","JUMPER","BottomLayer","0603","-153.750","-1307.386","90","RES SMD 0 OHM JUMPER GENERIC 0603"
"R9","JUMPER","BottomLayer","0603","1405.000","-1145.000","180","RES SMD 0 OHM JUMPER GENERIC 0603"
"R8","JUMPER","BottomLayer","0603","1439.034","-1069.315","270","RES SMD 0 OHM JUMPER GENERIC 0603"
"C9","0.10uF","BottomLayer","0603","1105.000","-1543.606","270","CAP CER 0.10UF 16V X5R 0603"
"C8","0.10uF","BottomLayer","0603","-350.000","-1512.110","0","CAP CER 0.10UF 16V X5R 0603"
"C7","0.10uF","BottomLayer","0603","151.250","-1512.110","0","CAP CER 0.10UF 16V X5R 0603"
"C6","0.10uF","BottomLayer","0603","1655.000","-1512.110","0","CAP CER 0.10UF 16V X5R 0603"
"R7","JUMPER","BottomLayer","0603","260.000","-1307.386","270","RES SMD 0 OHM JUMPER GENERIC 0603"
"R4","JUMPER","BottomLayer","0603","333.658","-1307.386","90","RES SMD 0 OHM JUMPER GENERIC 0603"
"U1","TXU0304PWR","BottomLayer","14-TSSOP","482.500","-1394.000","90","4-Bit Fixed Direction Voltage-Level Translator with Schmitt-Trigger Inputs  and 3-State Outputs"
"C5","0.10uF","BottomLayer","0603","632.500","-1512.110","0","CAP CER 0.10UF 16V X5R 0603"
"TP12","Test Point (Via)","TopLayer","TP","1255.000","-1591.693","90",""
"TP11","Test Point (Via)","TopLayer","TP","1325.000","-1532.638","90",""
"TP10","Test Point (Via)","TopLayer","TP","1255.000","-1474.000","90",""
"TP9","Test Point (Via)","TopLayer","TP","1185.000","-1395.000","90",""
"TP8","Test Point (Via)","TopLayer","TP","1254.720","-1355.473","90",""
"TP7","Test Point (Via)","TopLayer","TP","1325.000","-1296.418","90",""
"TP6","Test Point (Via)","TopLayer","TP","1255.000","-1237.362","90",""
"TP5","Test Point (Via)","TopLayer","TP","1325.000","-1178.307","90",""
"TP4","Test Point (Via)","TopLayer","TP","1255.000","-1119.252","90",""
"TP3","Test Point (Via)","TopLayer","TP","1325.000","-1060.197","90",""
"TP2","Test Point (Via)","TopLayer","TP","1255.000","-1001.142","90",""
"J5","CN HDR 40POS","BottomLayer","CN_HDR_40POS_0.1_TH","-32.166","-1751.772","0","40 Position Header Connector"
"C1","0.10uF 25V","TopLayer","0805","1009.341","-1764.758","270","CAP CER 0.10UF 25V X7R 0805"
"C4","0.10uF 25V","TopLayer","0805","1047.000","-1635.000","180","CAP CER 0.10UF 25V X7R 0805"
"J2","BM15B-ZESS-TBT(LF)(SN)","TopLayer","JST_ZE_SMT_15POS","1601.142","-1355.473","90","CONN HEADER VERT SMD 15POS ZE"
"J3","SM07B-NSHSS-TB (LF)(SN)","BottomLayer","JST_SM07B-NSHSS-TB_(LF)(SN)","1613.622","-322.583","90","Connector Header Surface Mount, Right Angle 7 position 0.039" (1.00mm)"
