Altium Designer Pick and Place Locations
D:\user\thunderbots\PCB_UI\ui-v0.1\pcb\Project Outputs for PCB_UI\Pick Place\Pick Place for ui_layout-v0.1.1.csv

========================================================================================================================
File Design Information:

Date:       21-11-21
Time:       21:34
Revision:   5f941f9ecc067e44168215b9198d3b914c33c6b6
Variant:    No variations
Units used: mm

"Designator","Comment","Layer","Footprint","Center-X(mm)","Center-Y(mm)","Rotation","Description"
"R1_UART2_TX_FILTER","160","BottomLayer","0805","60.8000","13.5630","270","Default Resistor Symbol"
"R1_UART2_RX_FILTER","160","BottomLayer","0805","60.8000","22.0886","270","Default Resistor Symbol"
"R1_SPI1_SCK_FILTER","160","BottomLayer","0805","39.8000","39.2706","270","Default Resistor Symbol"
"R1_SPI1_MOSI_FILTER","160","BottomLayer","0805","39.8000","13.5630","270","Default Resistor Symbol"
"R1_SPI1_MISO_FILTER","160","BottomLayer","0805","39.8000","22.1322","270","Default Resistor Symbol"
"R1_SPI1_CS5_FILTER","160","BottomLayer","0805","11.8000","42.5000","270","Default Resistor Symbol"
"R1_SPI1_CS4_FILTER","160","BottomLayer","0805","18.5000","39.2706","270","Default Resistor Symbol"
"R1_SPI1_CS3_FILTER","160","BottomLayer","0805","18.5000","30.7014","270","Default Resistor Symbol"
"R1_SPI1_CS2_FILTER","160","BottomLayer","0805","18.5000","13.5630","270","Default Resistor Symbol"
"R1_SPI1_CS1_FILTER","160","BottomLayer","0805","53.1000","44.6000","180","Default Resistor Symbol"
"R1_SPI1_CS0_FILTER","160","BottomLayer","0805","39.8000","30.7014","270","Default Resistor Symbol"
"R1_RESET_FILTER","160","BottomLayer","0805","18.5000","22.1322","270","Default Resistor Symbol"
"R1_HEARTBEAT_FILTER","160","BottomLayer","0805","60.8000","30.6142","270","Default Resistor Symbol"
"R1_CTRL_EN_FILTER","160","BottomLayer","0805","60.8000","39.1398","270","Default Resistor Symbol"
"J4","CN HDR 2POS JST XH","TopLayer","JST_B2B-XH-A(LF)(SN)","3.7799","32.5353","270","Connector Header Through Hole 2 position 0.098 _2.50mm_
JST XH"
"J3","CN HDR 5POS","TopLayer","CN_HDR_5POS_SMD_1.5MM","4.8815","18.2999","270","Connector Header 5 Position"
"J2","CN HDR 14POS","TopLayer","CN_HDR_14POS_SMD_1.5MM","95.0250","14.2500","90","Connector Header 14 Position"
"J1","CN HDR 40POS","BottomLayer","CN_HDR_40POS_0.1_TH","32.3300","5.6700","0","40 Position Header Connector"
"C4_UART2_TX_FILTER","100pF 16V","BottomLayer","0805","57.5000","16.2000","0","Default Symbol for Capacitors"
"C4_UART2_RX_FILTER","100pF 16V","BottomLayer","0805","57.5000","24.7000","0","Default Symbol for Capacitors"
"C4_SPI1_SCK_FILTER","100pF 16V","BottomLayer","0805","36.7000","41.7500","0","Default Symbol for Capacitors"
"C4_SPI1_MOSI_FILTER","100pF 16V","BottomLayer","0805","36.7000","16.1000","0","Default Symbol for Capacitors"
"C4_SPI1_MISO_FILTER","100pF 16V","BottomLayer","0805","36.7000","24.6500","0","Default Symbol for Capacitors"
"C4_SPI1_CS5_FILTER","100pF 16V","BottomLayer","0805","9.4000","44.2000","90","Default Symbol for Capacitors"
"C4_SPI1_CS4_FILTER","100pF 16V","BottomLayer","0805","15.3000","41.7000","0","Default Symbol for Capacitors"
"C4_SPI1_CS3_FILTER","100pF 16V","BottomLayer","0805","15.3000","33.2000","0","Default Symbol for Capacitors"
"C4_SPI1_CS2_FILTER","100pF 16V","BottomLayer","0805","15.3000","16.2000","0","Default Symbol for Capacitors"
"C4_SPI1_CS1_FILTER","100pF 16V","BottomLayer","0805","32.0000","44.6000","0","Default Symbol for Capacitors"
"C4_SPI1_CS0_FILTER","100pF 16V","BottomLayer","0805","36.7000","33.2000","0","Default Symbol for Capacitors"
"C4_RESET_FILTER","100pF 16V","BottomLayer","0805","15.3000","24.7000","0","Default Symbol for Capacitors"
"C4_HEARTBEAT_FILTER","100pF 16V","BottomLayer","0805","57.5000","33.2000","0","Default Symbol for Capacitors"
"C4_CTRL_EN_FILTER","100pF 16V","BottomLayer","0805","57.5000","41.7000","0","Default Symbol for Capacitors"
"C3","0.1uF 25V","TopLayer","0805","6.1000","38.4000","180","Default Symbol for Capacitors"
"C2","0.1uF 25V","TopLayer","0805","61.5000","5.8000","90","Default Symbol for Capacitors"
"C1","0.1uF 25V","TopLayer","0805","65.0000","5.8000","270","Default Symbol for Capacitors"
