Comment,Description,Designator,Footprint,LibRef,Quantity

"0.1uF 25V","Default Symbol for Capacitors","C1, C2, C3","0805","CAP 0.1uF 25V","3"
"100pF 16V","Default Symbol for Capacitors","C4_CTRL_EN_FILTER, C4_HEARTBEAT_FILTER, C4_RESET_FILTER, C4_SPI1_CS0_FILTER, C4_SPI1_CS1_FILTER, C4_SPI1_CS2_FILTER, C4_SPI1_CS3_FILTER, C4_SPI1_CS4_FILTER, C4_SPI1_CS5_FILTER, C4_SPI1_MISO_FILTER, C4_SPI1_MOSI_FILTER, C4_SPI1_SCK_FILTER, C4_UART2_RX_FILTER, C4_UART2_TX_FILTER","0805","CAP 100pF 16V","14"
"CN HDR 40POS","40 Position Header Connector","J1","CN HDR 40POS 0.1 TH","CN HDR 40POS","1"
"CN HDR 14POS","Connector Header 14 Position","J2","CN HDR 14POS SMD 1.5MM","CN HDR 14POS","1"
"CN HDR 5POS","Connector Header 5 Position","J3","CN HDR 5POS SMD 1.5MM","CN HDR 5POS","1"
"CN HDR 2POS JST XH","Connector Header Through Hole 2 position 0.098 _2.50mm_
JST XH","J4","JST_B2B-XH-A(LF)(SN)","CN HDR 2POS JST XH","1"
"160","Default Resistor Symbol","R1_CTRL_EN_FILTER, R1_HEARTBEAT_FILTER, R1_RESET_FILTER, R1_SPI1_CS0_FILTER, R1_SPI1_CS1_FILTER, R1_SPI1_CS2_FILTER, R1_SPI1_CS3_FILTER, R1_SPI1_CS4_FILTER, R1_SPI1_CS5_FILTER, R1_SPI1_MISO_FILTER, R1_SPI1_MOSI_FILTER, R1_SPI1_SCK_FILTER, R1_UART2_RX_FILTER, R1_UART2_TX_FILTER","0805","RES 160.0 1/8W","14"
