LibRef,Footprint,Designator,Quantity,Comment,Supplier 1,Supplier 2,Supplier Part Number 1,Supplier Part Number 2

"CAP 0.1uF 25V","0805","C1, C2, C3","3","0.1uF 25V","","","",""
"CAP 100pF 16V","0805","C4_CTRL_EN_FILTER, C4_HEARTBEAT_FILTER, C4_RESET_FILTER, C4_SPI1_CS0_FILTER, C4_SPI1_CS1_FILTER, C4_SPI1_CS2_FILTER, C4_SPI1_CS3_FILTER, C4_SPI1_CS4_FILTER, C4_SPI1_CS5_FILTER, C4_SPI1_MISO_FILTER, C4_SPI1_MOSI_FILTER, C4_SPI1_SCK_FILTER, C4_UART2_RX_FILTER, C4_UART2_TX_FILTER","14","100pF 16V","","","",""
"CN HDR 40POS","CN HDR 40POS 0.1 TH","J1","1","CN HDR 40POS","Digi-Key","","S6104-ND",""
"CN HDR 14POS","CN HDR 14POS SMD 1.5MM","J2","1","CN HDR 14POS","Digi-Key","","455-4210-1-ND",""
"CN HDR 5POS","CN HDR 5POS SMD 1.5MM","J3","1","CN HDR 5POS","Digi-Key","","455-2383-1-ND",""
"CN HDR 2POS JST XH","JST_B2B-XH-A(LF)(SN)","J4","1","CN HDR 2POS JST XH","","","",""
"RES 160.0 1/8W","0805","R1_CTRL_EN_FILTER, R1_HEARTBEAT_FILTER, R1_RESET_FILTER, R1_SPI1_CS0_FILTER, R1_SPI1_CS1_FILTER, R1_SPI1_CS2_FILTER, R1_SPI1_CS3_FILTER, R1_SPI1_CS4_FILTER, R1_SPI1_CS5_FILTER, R1_SPI1_MISO_FILTER, R1_SPI1_MOSI_FILTER, R1_SPI1_SCK_FILTER, R1_UART2_RX_FILTER, R1_UART2_TX_FILTER","14","160","","","",""
